{
  "IsEncrypted": false,
  "Values": {
    "FUNCTIONS_EXTENSION_VERSION": "~1",
    "ScmType": "None",
    "WEBSITE_AUTH_ENABLED": "False",
    "AzureWebJobsDashboard": "DefaultEndpointsProtocol=https;AccountName=wabacblob;AccountKey=1QPV5UcF1ljJgWJhfc1JnRQeN3WoA3RPYEK69h3FUaRIdFjraIF2nLNL/La7Nn9t587g4yOD4chYw6V7XA7PCQ==",
    "WEBSITE_NODE_DEFAULT_VERSION": "6.5.0",
    "WEBSITE_CONTENTAZUREFILECONNECTIONSTRING": "DefaultEndpointsProtocol=https;AccountName=wabacblob;AccountKey=1QPV5UcF1ljJgWJhfc1JnRQeN3WoA3RPYEK69h3FUaRIdFjraIF2nLNL/La7Nn9t587g4yOD4chYw6V7XA7PCQ==",
    "WEBSITE_CONTENTSHARE": "ftomtom99e3",
    "WEBSITE_SITE_NAME": "ftomtom",
    "WEBSITE_SLOT_NAME": "Production",
    "AzureWebJobsStorage": "DefaultEndpointsProtocol=https;AccountName=wabacblob;AccountKey=1QPV5UcF1ljJgWJhfc1JnRQeN3WoA3RPYEK69h3FUaRIdFjraIF2nLNL/La7Nn9t587g4yOD4chYw6V7XA7PCQ=="
  }
}